name;
/home/aaron/.conda/envs/python3.9.19-env/lib/python3.9/site-packages/pandas/_libs/sparse.cpython-39-x86_64-linux-gnu.so;
/home/aaron/.conda/envs/python3.9.19-env/lib/python3.9/site-packages/tensorflow/python/flags_pybind.so;
/home/aaron/.conda/envs/python3.9.19-env/lib/python3.9/site-packages/tensorflow/python/util/_pywrap_determinism.so;
/usr/lib/librt.so.1;
/home/aaron/.conda/envs/python3.9.19-env/lib/python3.9/site-packages/tensorflow/libtensorflow_framework.so.2;
/usr/lib/libc.so.6;
/home/aaron/.conda/envs/python3.9.19-env/lib/python3.9/site-packages/pillow.libs/libxcb-b8a56d01.so.1.1.0;
/home/aaron/.conda/envs/python3.9.19-env/lib/python3.9/site-packages/nvidia/cuda_runtime/lib/libcudart.so.12;
/home/aaron/.conda/envs/python3.9.19-env/lib/python3.9/site-packages/tensorflow/python/framework/_pywrap_python_op_gen.so;
/home/aaron/.conda/envs/python3.9.19-env/lib/python3.9/lib-dynload/_posixsubprocess.cpython-39-x86_64-linux-gnu.so;
/home/aaron/.conda/envs/python3.9.19-env/lib/python3.9/site-packages/tensorflow/python/grappler/_pywrap_tf_cluster.so;
/usr/lib/libdl.so.2;
/usr/lib/libpthread.so.0;
/home/aaron/.conda/envs/python3.9.19-env/lib/python3.9/site-packages/tensorflow/compiler/mlir/lite/python/_pywrap_converter_api.so;
/home/aaron/.conda/envs/python3.9.19-env/lib/python3.9/site-packages/h5py/_proxy.cpython-39-x86_64-linux-gnu.so;
/home/aaron/.conda/envs/python3.9.19-env/lib/python3.9/lib-dynload/_json.cpython-39-x86_64-linux-gnu.so;
/home/aaron/.conda/envs/python3.9.19-env/lib/python3.9/site-packages/pillow.libs/libXau-154567c4.so.6.0.0;
/home/aaron/.conda/envs/python3.9.19-env/lib/python3.9/site-packages/numpy/random/mtrand.cpython-39-x86_64-linux-gnu.so;
/home/aaron/.conda/envs/python3.9.19-env/lib/python3.9/lib-dynload/_bz2.cpython-39-x86_64-linux-gnu.so;
/home/aaron/.conda/envs/python3.9.19-env/lib/python3.9/site-packages/tensorflow/python/lib/core/_pywrap_py_func.so;
/usr/lib/libm.so.6;
/home/aaron/.conda/envs/python3.9.19-env/lib/python3.9/site-packages/tensorflow/core/kernels/libtfkernel_sobol_op.so;
/home/aaron/.conda/envs/python3.9.19-env/lib/python3.9/site-packages/tensorflow/python/saved_model/pywrap_saved_model.so;
/home/aaron/.conda/envs/python3.9.19-env/lib/python3.9/site-packages/pillow.libs/libjpeg-77ae51ab.so.62.4.0;
/home/aaron/.conda/envs/python3.9.19-env/lib/python3.9/lib-dynload/binascii.cpython-39-x86_64-linux-gnu.so;
/home/aaron/.conda/envs/python3.9.19-env/lib/python3.9/site-packages/pandas/_libs/tslibs/tzconversion.cpython-39-x86_64-linux-gnu.so;
/home/aaron/.conda/envs/python3.9.19-env/lib/python3.9/site-packages/pillow.libs/libopenjp2-05423b53.so;
/home/aaron/.conda/envs/python3.9.19-env/lib/python3.9/site-packages/pandas/_libs/tslibs/vectorized.cpython-39-x86_64-linux-gnu.so;
/home/aaron/.conda/envs/python3.9.19-env/lib/python3.9/site-packages/numpy.libs/libopenblas64_p-r0-0cf96a72.3.23.dev.so;
/home/aaron/.conda/envs/python3.9.19-env/lib/python3.9/lib-dynload/array.cpython-39-x86_64-linux-gnu.so;
/usr/lib/ld-linux-x86-64.so.2;
/home/aaron/.conda/envs/python3.9.19-env/lib/python3.9/site-packages/h5py/h5o.cpython-39-x86_64-linux-gnu.so;
anon;
/home/aaron/.conda/envs/python3.9.19-env/lib/python3.9/site-packages/numpy/random/_philox.cpython-39-x86_64-linux-gnu.so;
/home/aaron/.conda/envs/python3.9.19-env/lib/python3.9/site-packages/numpy/core/_multiarray_umath.cpython-39-x86_64-linux-gnu.so;
/home/aaron/.conda/envs/python3.9.19-env/lib/python3.9/site-packages/scipy/sparse/linalg/_propack/_zpropack.cpython-39-x86_64-linux-gnu.so;
/home/aaron/.conda/envs/python3.9.19-env/lib/python3.9/site-packages/pandas/_libs/json.cpython-39-x86_64-linux-gnu.so;
/home/aaron/.conda/envs/python3.9.19-env/lib/python3.9/site-packages/scipy/linalg/_cythonized_array_utils.cpython-39-x86_64-linux-gnu.so;
/home/aaron/.conda/envs/python3.9.19-env/lib/libffi.so.8.1.2;
/home/aaron/.conda/envs/python3.9.19-env/lib/python3.9/site-packages/scipy/linalg/cython_lapack.cpython-39-x86_64-linux-gnu.so;
/home/aaron/.conda/envs/python3.9.19-env/lib/python3.9/site-packages/tensorflow/libtensorflow_cc.so.2;
/home/aaron/.conda/envs/python3.9.19-env/lib/python3.9/site-packages/ml_dtypes/_ml_dtypes_ext.cpython-39-x86_64-linux-gnu.so;
/home/aaron/.conda/envs/python3.9.19-env/lib/python3.9/site-packages/tensorflow/python/_pywrap_tensorflow_internal.so;
/home/aaron/.conda/envs/python3.9.19-env/lib/python3.9/site-packages/tensorflow/python/profiler/internal/_pywrap_profiler.so;
/home/aaron/.conda/envs/python3.9.19-env/lib/python3.9/lib-dynload/termios.cpython-39-x86_64-linux-gnu.so;
/home/aaron/.conda/envs/python3.9.19-env/lib/python3.9/site-packages/scipy/sparse/linalg/_propack/_spropack.cpython-39-x86_64-linux-gnu.so;
/home/aaron/.conda/envs/python3.9.19-env/lib/python3.9/site-packages/tensorflow/python/lib/io/_pywrap_file_io.so;
/home/aaron/.conda/envs/python3.9.19-env/lib/python3.9/lib-dynload/_sha512.cpython-39-x86_64-linux-gnu.so;
/home/aaron/.conda/envs/python3.9.19-env/lib/python3.9/lib-dynload/_lzma.cpython-39-x86_64-linux-gnu.so;
/home/aaron/.conda/envs/python3.9.19-env/lib/python3.9/site-packages/pandas/_libs/index.cpython-39-x86_64-linux-gnu.so;
/home/aaron/.conda/envs/python3.9.19-env/lib/python3.9/site-packages/numpy/random/_pcg64.cpython-39-x86_64-linux-gnu.so;
/home/aaron/.conda/envs/python3.9.19-env/lib/python3.9/site-packages/scipy/sparse/csgraph/_flow.cpython-39-x86_64-linux-gnu.so;
/home/aaron/.conda/envs/python3.9.19-env/lib/python3.9/lib-dynload/unicodedata.cpython-39-x86_64-linux-gnu.so;
/home/aaron/.conda/envs/python3.9.19-env/lib/python3.9/site-packages/h5py/h5ac.cpython-39-x86_64-linux-gnu.so;
/home/aaron/.conda/envs/python3.9.19-env/lib/python3.9/site-packages/h5py/h5pl.cpython-39-x86_64-linux-gnu.so;
/home/aaron/.conda/envs/python3.9.19-env/lib/python3.9/site-packages/h5py.libs/libsz-b66d1717.so.2.0.1;
/home/aaron/.conda/envs/python3.9.19-env/lib/python3.9/site-packages/scipy/sparse/_sparsetools.cpython-39-x86_64-linux-gnu.so;
/home/aaron/.conda/envs/python3.9.19-env/lib/python3.9/site-packages/numpy/random/bit_generator.cpython-39-x86_64-linux-gnu.so;
/home/aaron/.conda/envs/python3.9.19-env/lib/python3.9/lib-dynload/_decimal.cpython-39-x86_64-linux-gnu.so;
/home/aaron/.conda/envs/python3.9.19-env/lib/libcrypto.so.3;
/home/aaron/.conda/envs/python3.9.19-env/lib/python3.9/site-packages/scipy.libs/libopenblasp-r0-01191904.3.27.so;
/home/aaron/.conda/envs/python3.9.19-env/lib/python3.9/site-packages/h5py/h5ds.cpython-39-x86_64-linux-gnu.so;
/home/aaron/.conda/envs/python3.9.19-env/lib/python3.9/site-packages/numpy/random/_bounded_integers.cpython-39-x86_64-linux-gnu.so;
/home/aaron/.conda/envs/python3.9.19-env/lib/python3.9/site-packages/tensorflow/python/client/_pywrap_events_writer.so;
/home/aaron/.conda/envs/python3.9.19-env/lib/python3.9/site-packages/numpy/linalg/_umath_linalg.cpython-39-x86_64-linux-gnu.so;
/home/aaron/.conda/envs/python3.9.19-env/lib/python3.9/lib-dynload/_multibytecodec.cpython-39-x86_64-linux-gnu.so;
/home/aaron/.conda/envs/python3.9.19-env/lib/python3.9/site-packages/h5py/h5i.cpython-39-x86_64-linux-gnu.so;
/home/aaron/.conda/envs/python3.9.19-env/lib/liblzma.so.5.4.6;
/home/aaron/.conda/envs/python3.9.19-env/lib/python3.9/lib-dynload/_hashlib.cpython-39-x86_64-linux-gnu.so;
/home/aaron/.conda/envs/python3.9.19-env/lib/python3.9/lib-dynload/math.cpython-39-x86_64-linux-gnu.so;
/usr/lib/libgcc_s.so.1;
/home/aaron/.conda/envs/python3.9.19-env/lib/python3.9/site-packages/pandas/_libs/writers.cpython-39-x86_64-linux-gnu.so;
/home/aaron/.conda/envs/python3.9.19-env/lib/python3.9/site-packages/pandas/_libs/reshape.cpython-39-x86_64-linux-gnu.so;
/home/aaron/.conda/envs/python3.9.19-env/lib/python3.9/site-packages/tensorflow/python/util/_pywrap_nest.so;
/home/aaron/.conda/envs/python3.9.19-env/lib/python3.9/site-packages/tensorflow/python/client/_pywrap_debug_events_writer.so;
/home/aaron/.conda/envs/python3.9.19-env/lib/python3.9/site-packages/tensorflow/python/_pywrap_parallel_device.so;
/home/aaron/.conda/envs/python3.9.19-env/lib/python3.9/lib-dynload/_ctypes.cpython-39-x86_64-linux-gnu.so;
/home/aaron/.conda/envs/python3.9.19-env/lib/python3.9/site-packages/pandas/_libs/tslibs/fields.cpython-39-x86_64-linux-gnu.so;
/home/aaron/.conda/envs/python3.9.19-env/lib/python3.9/site-packages/pandas/_libs/tslibs/np_datetime.cpython-39-x86_64-linux-gnu.so;
/home/aaron/.conda/envs/python3.9.19-env/lib/python3.9/site-packages/tensorflow/python/framework/_proto_comparators.so;
/home/aaron/.conda/envs/python3.9.19-env/lib/python3.9/site-packages/pandas/_libs/tslibs/parsing.cpython-39-x86_64-linux-gnu.so;
/home/aaron/.conda/envs/python3.9.19-env/lib/python3.9/site-packages/pandas/_libs/algos.cpython-39-x86_64-linux-gnu.so;
/home/aaron/.conda/envs/python3.9.19-env/lib/python3.9/site-packages/pandas/_libs/window/indexers.cpython-39-x86_64-linux-gnu.so;
/home/aaron/.conda/envs/python3.9.19-env/lib/python3.9/site-packages/scipy/linalg/_matfuncs_expm.cpython-39-x86_64-linux-gnu.so;
/home/aaron/.conda/envs/python3.9.19-env/lib/python3.9/site-packages/tensorflow/lite/experimental/microfrontend/python/ops/_audio_microfrontend_op.so;
/home/aaron/.conda/envs/python3.9.19-env/lib/python3.9/site-packages/PIL/_imaging.cpython-39-x86_64-linux-gnu.so;
/home/aaron/.conda/envs/python3.9.19-env/lib/python3.9/lib-dynload/select.cpython-39-x86_64-linux-gnu.so;
/home/aaron/.conda/envs/python3.9.19-env/lib/python3.9/site-packages/pandas/_libs/tslibs/base.cpython-39-x86_64-linux-gnu.so;
/home/aaron/.conda/envs/python3.9.19-env/lib/python3.9/site-packages/h5py/h5r.cpython-39-x86_64-linux-gnu.so;
/home/aaron/.conda/envs/python3.9.19-env/lib/python3.9/site-packages/h5py/_selector.cpython-39-x86_64-linux-gnu.so;
/home/aaron/.conda/envs/python3.9.19-env/lib/python3.9/site-packages/tensorflow/python/framework/_pywrap_python_api_dispatcher.so;
/home/aaron/.conda/envs/python3.9.19-env/lib/python3.9/site-packages/tensorflow/python/grappler/_pywrap_tf_optimizer.so;
/home/aaron/.conda/envs/python3.9.19-env/lib/python3.9/site-packages/pandas/_libs/parsers.cpython-39-x86_64-linux-gnu.so;
/home/aaron/.conda/envs/python3.9.19-env/lib/python3.9/site-packages/optree/_C.cpython-39-x86_64-linux-gnu.so;
/home/aaron/.conda/envs/python3.9.19-env/lib/python3.9/site-packages/h5py/h5f.cpython-39-x86_64-linux-gnu.so;
/home/aaron/.conda/envs/python3.9.19-env/lib/python3.9/site-packages/scipy/sparse/linalg/_propack/_cpropack.cpython-39-x86_64-linux-gnu.so;
/usr/lib/libstdc++.so.6.0.33;
/home/aaron/.conda/envs/python3.9.19-env/lib/python3.9/site-packages/tensorflow/python/client/_pywrap_device_lib.so;
/home/aaron/.conda/envs/python3.9.19-env/lib/python3.9/site-packages/scipy/sparse/csgraph/_traversal.cpython-39-x86_64-linux-gnu.so;
/home/aaron/.conda/envs/python3.9.19-env/lib/python3.9/site-packages/h5py/defs.cpython-39-x86_64-linux-gnu.so;
/home/aaron/.conda/envs/python3.9.19-env/lib/python3.9/site-packages/numpy.libs/libquadmath-96973f99.so.0.0.0;
/home/aaron/.conda/envs/python3.9.19-env/lib/python3.9/site-packages/scipy/linalg/_flapack.cpython-39-x86_64-linux-gnu.so;
/home/aaron/.conda/envs/python3.9.19-env/lib/python3.9/site-packages/pandas/_libs/interval.cpython-39-x86_64-linux-gnu.so;
/home/aaron/.conda/envs/python3.9.19-env/lib/python3.9/lib-dynload/_opcode.cpython-39-x86_64-linux-gnu.so;
/home/aaron/.conda/envs/python3.9.19-env/lib/python3.9/site-packages/pillow.libs/liblzma-13fa198c.so.5.4.5;
/home/aaron/.conda/envs/python3.9.19-env/lib/python3.9/site-packages/tensorflow/python/data/experimental/service/_pywrap_utils_exp.so;
/home/aaron/.conda/envs/python3.9.19-env/lib/python3.9/site-packages/tensorflow/python/framework/_test_metrics_util.so;
/home/aaron/.conda/envs/python3.9.19-env/lib/python3.9/site-packages/tensorflow/lite/python/analyzer_wrapper/_pywrap_analyzer_wrapper.so;
/home/aaron/.conda/envs/python3.9.19-env/lib/python3.9/site-packages/pandas/_libs/pandas_parser.cpython-39-x86_64-linux-gnu.so;
/home/aaron/.conda/envs/python3.9.19-env/lib/python3.9/site-packages/tensorflow/python/util/fast_module_type.so;
/home/aaron/.conda/envs/python3.9.19-env/lib/python3.9/site-packages/tensorflow/python/tpu/_pywrap_sparse_core_layout.so;
/home/aaron/.conda/envs/python3.9.19-env/lib/python3.9/lib-dynload/_socket.cpython-39-x86_64-linux-gnu.so;
/home/aaron/.conda/envs/python3.9.19-env/lib/python3.9/lib-dynload/_csv.cpython-39-x86_64-linux-gnu.so;
/home/aaron/.conda/envs/python3.9.19-env/lib/python3.9/site-packages/tensorflow/python/platform/_pywrap_stacktrace_handler.so;
/home/aaron/.conda/envs/python3.9.19-env/lib/python3.9/lib-dynload/_heapq.cpython-39-x86_64-linux-gnu.so;
/home/aaron/.conda/envs/python3.9.19-env/lib/python3.9/site-packages/scipy/linalg/_decomp_update.cpython-39-x86_64-linux-gnu.so;
/home/aaron/.conda/envs/python3.9.19-env/lib/python3.9/site-packages/numpy/fft/_pocketfft_internal.cpython-39-x86_64-linux-gnu.so;
/home/aaron/.conda/envs/python3.9.19-env/lib/python3.9/site-packages/h5py/h5l.cpython-39-x86_64-linux-gnu.so;
/home/aaron/.conda/envs/python3.9.19-env/lib/python3.9/site-packages/tensorflow/python/util/_pywrap_tfprof.so;
/home/aaron/.conda/envs/python3.9.19-env/lib/python3.9/site-packages/pandas/_libs/groupby.cpython-39-x86_64-linux-gnu.so;
/home/aaron/.conda/envs/python3.9.19-env/lib/python3.9/site-packages/pandas/_libs/tslibs/timedeltas.cpython-39-x86_64-linux-gnu.so;
/home/aaron/.conda/envs/python3.9.19-env/lib/python3.9/site-packages/pandas/_libs/lib.cpython-39-x86_64-linux-gnu.so;
/home/aaron/.conda/envs/python3.9.19-env/lib/python3.9/site-packages/h5py/_objects.cpython-39-x86_64-linux-gnu.so;
/home/aaron/.conda/envs/python3.9.19-env/lib/python3.9/lib-dynload/_pickle.cpython-39-x86_64-linux-gnu.so;
/home/aaron/.conda/envs/python3.9.19-env/lib/python3.9/site-packages/h5py/h5z.cpython-39-x86_64-linux-gnu.so;
/home/aaron/.conda/envs/python3.9.19-env/lib/python3.9/site-packages/pandas/_libs/tslibs/timezones.cpython-39-x86_64-linux-gnu.so;
/home/aaron/.conda/envs/python3.9.19-env/lib/python3.9/site-packages/scipy/sparse/_csparsetools.cpython-39-x86_64-linux-gnu.so;
/home/aaron/.conda/envs/python3.9.19-env/lib/python3.9/site-packages/pandas/_libs/arrays.cpython-39-x86_64-linux-gnu.so;
/home/aaron/.conda/envs/python3.9.19-env/lib/python3.9/lib-dynload/grp.cpython-39-x86_64-linux-gnu.so;
/home/aaron/.conda/envs/python3.9.19-env/lib/python3.9/lib-dynload/_bisect.cpython-39-x86_64-linux-gnu.so;
/home/aaron/.conda/envs/python3.9.19-env/lib/python3.9/site-packages/pandas/_libs/pandas_datetime.cpython-39-x86_64-linux-gnu.so;
/home/aaron/.conda/envs/python3.9.19-env/lib/python3.9/site-packages/pandas/_libs/window/aggregations.cpython-39-x86_64-linux-gnu.so;
/home/aaron/.conda/envs/python3.9.19-env/lib/python3.9/site-packages/scipy/linalg/_matfuncs_sqrtm_triu.cpython-39-x86_64-linux-gnu.so;
/home/aaron/.conda/envs/python3.9.19-env/lib/python3.9/site-packages/h5py/h5p.cpython-39-x86_64-linux-gnu.so;
/home/aaron/.conda/envs/python3.9.19-env/lib/python3.9/site-packages/scipy/sparse/csgraph/_tools.cpython-39-x86_64-linux-gnu.so;
/home/aaron/.conda/envs/python3.9.19-env/lib/python3.9/lib-dynload/_asyncio.cpython-39-x86_64-linux-gnu.so;
/home/aaron/.conda/envs/python3.9.19-env/lib/python3.9/site-packages/charset_normalizer/md.cpython-39-x86_64-linux-gnu.so;
/home/aaron/.conda/envs/python3.9.19-env/lib/python3.9/site-packages/numpy/random/_sfc64.cpython-39-x86_64-linux-gnu.so;
/home/aaron/.conda/envs/python3.9.19-env/lib/python3.9/site-packages/pandas/_libs/internals.cpython-39-x86_64-linux-gnu.so;
/home/aaron/.conda/envs/python3.9.19-env/lib/python3.9/site-packages/google/_upb/_message.abi3.so;
/home/aaron/.conda/envs/python3.9.19-env/lib/python3.9/site-packages/pandas/_libs/ops_dispatch.cpython-39-x86_64-linux-gnu.so;
/home/aaron/.conda/envs/python3.9.19-env/lib/python3.9/site-packages/h5py/utils.cpython-39-x86_64-linux-gnu.so;
/home/aaron/.conda/envs/python3.9.19-env/lib/python3.9/site-packages/pandas/_libs/missing.cpython-39-x86_64-linux-gnu.so;
/home/aaron/.conda/envs/python3.9.19-env/lib/libz.so.1.2.13;
/home/aaron/.conda/envs/python3.9.19-env/lib/python3.9/site-packages/tensorflow/python/framework/_op_def_library_pybind.so;
/usr/lib/libuuid.so.1.3.0;
/home/aaron/.conda/envs/python3.9.19-env/lib/python3.9/lib-dynload/mmap.cpython-39-x86_64-linux-gnu.so;
/home/aaron/.conda/envs/python3.9.19-env/lib/python3.9/site-packages/tensorflow/python/framework/_dtypes.so;
/home/aaron/.conda/envs/python3.9.19-env/lib/python3.9/lib-dynload/_uuid.cpython-39-x86_64-linux-gnu.so;
/home/aaron/.conda/envs/python3.9.19-env/lib/python3.9/site-packages/h5py/h5a.cpython-39-x86_64-linux-gnu.so;
/home/aaron/.conda/envs/python3.9.19-env/lib/python3.9/site-packages/h5py/_conv.cpython-39-x86_64-linux-gnu.so;
/home/aaron/.conda/envs/python3.9.19-env/lib/python3.9/site-packages/numpy/core/_multiarray_tests.cpython-39-x86_64-linux-gnu.so;
/home/aaron/.conda/envs/python3.9.19-env/lib/python3.9/lib-dynload/_contextvars.cpython-39-x86_64-linux-gnu.so;
/home/aaron/.conda/envs/python3.9.19-env/lib/python3.9/site-packages/numpy/random/_mt19937.cpython-39-x86_64-linux-gnu.so;
/home/aaron/.conda/envs/python3.9.19-env/lib/python3.9/site-packages/tensorflow/python/_pywrap_dtensor_device.so;
/home/aaron/.conda/envs/python3.9.19-env/lib/libssl.so.3;
/home/aaron/.conda/envs/python3.9.19-env/lib/python3.9/site-packages/h5py/h5d.cpython-39-x86_64-linux-gnu.so;
/home/aaron/.conda/envs/python3.9.19-env/lib/python3.9/site-packages/pandas/_libs/testing.cpython-39-x86_64-linux-gnu.so;
/home/aaron/.conda/envs/python3.9.19-env/lib/python3.9/site-packages/h5py/h5fd.cpython-39-x86_64-linux-gnu.so;
/home/aaron/.conda/envs/python3.9.19-env/lib/python3.9/site-packages/tensorflow/python/util/_pywrap_tensor_float_32_execution.so;
/home/aaron/.conda/envs/python3.9.19-env/lib/python3.9/site-packages/pandas/_libs/tslibs/dtypes.cpython-39-x86_64-linux-gnu.so;
/home/aaron/.conda/envs/python3.9.19-env/lib/python3.9/site-packages/h5py.libs/libhdf5-7f639dcd.so.310.2.0;
/home/aaron/.conda/envs/python3.9.19-env/lib/python3.9/site-packages/tensorflow/python/_pywrap_sanitizers.so;
/home/aaron/.conda/envs/python3.9.19-env/lib/python3.9/lib-dynload/_multiprocessing.cpython-39-x86_64-linux-gnu.so;
/home/aaron/.conda/envs/python3.9.19-env/lib/python3.9/site-packages/tensorflow/python/platform/_pywrap_tf2.so;
/home/aaron/.conda/envs/python3.9.19-env/lib/python3.9/site-packages/pandas/_libs/tslibs/offsets.cpython-39-x86_64-linux-gnu.so;
/home/aaron/.conda/envs/python3.9.19-env/lib/python3.9/site-packages/pandas/_libs/tslibs/period.cpython-39-x86_64-linux-gnu.so;
/home/aaron/.conda/envs/python3.9.19-env/lib/python3.9/site-packages/numpy/random/_common.cpython-39-x86_64-linux-gnu.so;
/home/aaron/.conda/envs/python3.9.19-env/lib/python3.9/site-packages/pandas/_libs/tslibs/conversion.cpython-39-x86_64-linux-gnu.so;
/home/aaron/.conda/envs/python3.9.19-env/lib/python3.9/site-packages/pillow.libs/libtiff-0a86184d.so.6.0.2;
/home/aaron/.conda/envs/python3.9.19-env/lib/python3.9/site-packages/numpy.libs/libgfortran-040039e1.so.5.0.0;
/home/aaron/.conda/envs/python3.9.19-env/lib/python3.9/site-packages/tensorflow/python/profiler/internal/_pywrap_traceme.so;
/home/aaron/.conda/envs/python3.9.19-env/lib/python3.9/site-packages/tensorflow/python/_pywrap_py_exception_registry.so;
/home/aaron/.conda/envs/python3.9.19-env/lib/python3.9/lib-dynload/_zoneinfo.cpython-39-x86_64-linux-gnu.so;
/home/aaron/.conda/envs/python3.9.19-env/lib/python3.9/site-packages/scipy/sparse/csgraph/_reordering.cpython-39-x86_64-linux-gnu.so;
/home/aaron/.conda/envs/python3.9.19-env/lib/python3.9/lib-dynload/_datetime.cpython-39-x86_64-linux-gnu.so;
/home/aaron/.conda/envs/python3.9.19-env/lib/python3.9/site-packages/numpy/random/_generator.cpython-39-x86_64-linux-gnu.so;
/home/aaron/.conda/envs/python3.9.19-env/lib/python3.9/site-packages/tensorflow/python/_pywrap_quantize_training.so;
/home/aaron/.conda/envs/python3.9.19-env/lib/python3.9/site-packages/h5py.libs/libaec-001fb5f0.so.0.0.12;
/home/aaron/.conda/envs/python3.9.19-env/lib/python3.9/lib-dynload/_struct.cpython-39-x86_64-linux-gnu.so;
/home/aaron/.conda/envs/python3.9.19-env/lib/python3.9/site-packages/pandas/_libs/indexing.cpython-39-x86_64-linux-gnu.so;
/home/aaron/.conda/envs/python3.9.19-env/lib/python3.9/lib-dynload/_random.cpython-39-x86_64-linux-gnu.so;
/home/aaron/.conda/envs/python3.9.19-env/lib/python3.9/lib-dynload/zlib.cpython-39-x86_64-linux-gnu.so;
/home/aaron/.conda/envs/python3.9.19-env/lib/python3.9/site-packages/tensorflow/python/lib/io/_pywrap_record_io.so;
/home/aaron/.conda/envs/python3.9.19-env/lib/python3.9/site-packages/scipy/linalg/_fblas.cpython-39-x86_64-linux-gnu.so;
/home/aaron/.conda/envs/python3.9.19-env/lib/python3.9/lib-dynload/fcntl.cpython-39-x86_64-linux-gnu.so;
/home/aaron/.conda/envs/python3.9.19-env/lib/python3.9/site-packages/h5py/_errors.cpython-39-x86_64-linux-gnu.so;
/usr/lib/libutil.so.1;
/home/aaron/.conda/envs/python3.9.19-env/lib/python3.9/site-packages/scipy/sparse/csgraph/_shortest_path.cpython-39-x86_64-linux-gnu.so;
/home/aaron/.conda/envs/python3.9.19-env/lib/python3.9/site-packages/pandas/_libs/hashing.cpython-39-x86_64-linux-gnu.so;
/home/aaron/.conda/envs/python3.9.19-env/lib/python3.9/site-packages/scipy/sparse/csgraph/_matching.cpython-39-x86_64-linux-gnu.so;
/home/aaron/.conda/envs/python3.9.19-env/bin/python3.9;
/home/aaron/.conda/envs/python3.9.19-env/lib/python3.9/lib-dynload/cmath.cpython-39-x86_64-linux-gnu.so;
/home/aaron/.conda/envs/python3.9.19-env/lib/python3.9/site-packages/h5py/h5g.cpython-39-x86_64-linux-gnu.so;
/home/aaron/.conda/envs/python3.9.19-env/lib/python3.9/site-packages/tensorflow/lite/python/interpreter_wrapper/_pywrap_tensorflow_interpreter_wrapper.so;
/home/aaron/.conda/envs/python3.9.19-env/lib/python3.9/site-packages/pandas/_libs/tslibs/nattype.cpython-39-x86_64-linux-gnu.so;
[vdso];
/home/aaron/.conda/envs/python3.9.19-env/lib/python3.9/site-packages/tensorflow/python/_pywrap_tfe.so;
/home/aaron/.conda/envs/python3.9.19-env/lib/python3.9/site-packages/h5py.libs/libhdf5_hl-123198ff.so.310.0.2;
/home/aaron/.conda/envs/python3.9.19-env/lib/python3.9/lib-dynload/_blake2.cpython-39-x86_64-linux-gnu.so;
/home/aaron/.conda/envs/python3.9.19-env/lib/python3.9/site-packages/tensorflow/compiler/tf2tensorrt/_pywrap_py_utils.so;
/home/aaron/.conda/envs/python3.9.19-env/lib/python3.9/site-packages/tensorflow/python/data/experimental/service/_pywrap_server_lib.so;
/home/aaron/.conda/envs/python3.9.19-env/lib/python3.9/site-packages/pandas/_libs/tslibs/timestamps.cpython-39-x86_64-linux-gnu.so;
/home/aaron/.conda/envs/python3.9.19-env/lib/python3.9/site-packages/pandas/_libs/properties.cpython-39-x86_64-linux-gnu.so;
/home/aaron/.conda/envs/python3.9.19-env/lib/python3.9/site-packages/tensorflow/compiler/mlir/quantization/tensorflow/python/pywrap_function_lib.so;
/home/aaron/.conda/envs/python3.9.19-env/lib/python3.9/site-packages/pandas/_libs/join.cpython-39-x86_64-linux-gnu.so;
/home/aaron/.conda/envs/python3.9.19-env/lib/python3.9/site-packages/tensorflow/python/util/_pywrap_checkpoint_reader.so;
/home/aaron/.conda/envs/python3.9.19-env/lib/python3.9/site-packages/scipy/_lib/_ccallback_c.cpython-39-x86_64-linux-gnu.so;
/home/aaron/.conda/envs/python3.9.19-env/lib/python3.9/site-packages/tensorflow/python/client/_pywrap_tf_session.so;
/home/aaron/.conda/envs/python3.9.19-env/lib/python3.9/site-packages/h5py/h5.cpython-39-x86_64-linux-gnu.so;
/home/aaron/.conda/envs/python3.9.19-env/lib/python3.9/site-packages/pandas/_libs/hashtable.cpython-39-x86_64-linux-gnu.so;
/home/aaron/.conda/envs/python3.9.19-env/lib/python3.9/site-packages/tensorflow/python/platform/_pywrap_cpu_feature_guard.so;
/home/aaron/.conda/envs/python3.9.19-env/lib/python3.9/site-packages/h5py/h5t.cpython-39-x86_64-linux-gnu.so;
/home/aaron/.conda/envs/python3.9.19-env/lib/python3.9/lib-dynload/_ssl.cpython-39-x86_64-linux-gnu.so;
/home/aaron/.conda/envs/python3.9.19-env/lib/python3.9/site-packages/tensorflow/python/_pywrap_mlir.so;
/home/aaron/.conda/envs/python3.9.19-env/lib/python3.9/site-packages/scipy/sparse/linalg/_eigen/arpack/_arpack.cpython-39-x86_64-linux-gnu.so;
/home/aaron/.conda/envs/python3.9.19-env/lib/python3.9/site-packages/tensorflow/python/framework/_op_def_registry.so;
/home/aaron/.conda/envs/python3.9.19-env/lib/python3.9/site-packages/scipy/linalg/cython_blas.cpython-39-x86_64-linux-gnu.so;
/home/aaron/.conda/envs/python3.9.19-env/lib/python3.9/site-packages/pandas/_libs/ops.cpython-39-x86_64-linux-gnu.so;
/home/aaron/.conda/envs/python3.9.19-env/lib/python3.9/site-packages/scipy/linalg/_decomp_lu_cython.cpython-39-x86_64-linux-gnu.so;
/home/aaron/.conda/envs/python3.9.19-env/lib/python3.9/site-packages/scipy/sparse/linalg/_propack/_dpropack.cpython-39-x86_64-linux-gnu.so;
/home/aaron/.conda/envs/python3.9.19-env/lib/python3.9/site-packages/wrapt/_wrappers.cpython-39-x86_64-linux-gnu.so;
/home/aaron/.conda/envs/python3.9.19-env/lib/python3.9/lib-dynload/_queue.cpython-39-x86_64-linux-gnu.so;
/home/aaron/.conda/envs/python3.9.19-env/lib/python3.9/site-packages/tensorflow/lite/python/metrics/_pywrap_tensorflow_lite_metrics_wrapper.so;
/home/aaron/.conda/envs/python3.9.19-env/lib/python3.9/site-packages/pandas/_libs/tslib.cpython-39-x86_64-linux-gnu.so;
/home/aaron/.conda/envs/python3.9.19-env/lib/python3.9/site-packages/tensorflow/python/util/_tf_stack.so;
/home/aaron/.conda/envs/python3.9.19-env/lib/python3.9/site-packages/h5py/h5s.cpython-39-x86_64-linux-gnu.so;
/home/aaron/.conda/envs/python3.9.19-env/lib/python3.9/site-packages/pandas/_libs/tslibs/strptime.cpython-39-x86_64-linux-gnu.so;
/home/aaron/.conda/envs/python3.9.19-env/lib/python3.9/site-packages/scipy/sparse/linalg/_dsolve/_superlu.cpython-39-x86_64-linux-gnu.so;
/home/aaron/.conda/envs/python3.9.19-env/lib/python3.9/site-packages/scipy/linalg/_solve_toeplitz.cpython-39-x86_64-linux-gnu.so;
/home/aaron/.conda/envs/python3.9.19-env/lib/python3.9/site-packages/charset_normalizer/md__mypyc.cpython-39-x86_64-linux-gnu.so;
/home/aaron/.conda/envs/python3.9.19-env/lib/python3.9/site-packages/tensorflow/python/util/_pywrap_utils.so;
/home/aaron/.conda/envs/python3.9.19-env/lib/python3.9/site-packages/scipy/sparse/csgraph/_min_spanning_tree.cpython-39-x86_64-linux-gnu.so;
/home/aaron/.conda/envs/python3.9.19-env/lib/python3.9/site-packages/tensorflow/compiler/mlir/quantization/tensorflow/python/pywrap_quantize_model.so;
/home/aaron/.conda/envs/python3.9.19-env/lib/python3.9/site-packages/tensorflow/python/util/_pywrap_util_port.so;
/home/aaron/.conda/envs/python3.9.19-env/lib/python3.9/site-packages/pandas/_libs/tslibs/ccalendar.cpython-39-x86_64-linux-gnu.so;
